target,source
rpOyqD_893cqmDAtJLbdog,4U9kSBLuBDU391x6bxU-YA
rpOyqD_893cqmDAtJLbdog,fHtTaujcyKvXglE33Z5yIw
rpOyqD_893cqmDAtJLbdog,SIBCL7HBkrP4llolm4SC2A
rpOyqD_893cqmDAtJLbdog,UTS9XcT14H2ZscRIf0MYHQ
rpOyqD_893cqmDAtJLbdog,HDQixQ-WZEV0LVPJlIGQeQ
rpOyqD_893cqmDAtJLbdog,91ovYNfGfPiqe6GbTcPwTg
rpOyqD_893cqmDAtJLbdog,anTtulQ9G2b3SipCEwGVHg
w6Vv-kldGpmvSGqXvTbAdQ,4U9kSBLuBDU391x6bxU-YA
w6Vv-kldGpmvSGqXvTbAdQ,ZWOj6LmzwGvMDh-A85EOtA
w6Vv-kldGpmvSGqXvTbAdQ,anTtulQ9G2b3SipCEwGVHg
w6Vv-kldGpmvSGqXvTbAdQ,Y46j-EFxKQYAK38xMfykXA
w6Vv-kldGpmvSGqXvTbAdQ,i63u3SdbrLsP4FxiSKP0Zw
w6Vv-kldGpmvSGqXvTbAdQ,ytjCBxosVSqCOQ62c4KAxg
w6Vv-kldGpmvSGqXvTbAdQ,r5uiIxwJ-I-oHBkNY2Ha3Q
w6Vv-kldGpmvSGqXvTbAdQ,niWoSKswEbooJC_M7HMbGw
r9YT-wfk8DlMyq_q4a_saQ,XejvgD4CrkR7FeIkjwAjtQ
r9YT-wfk8DlMyq_q4a_saQ,i63u3SdbrLsP4FxiSKP0Zw
r9YT-wfk8DlMyq_q4a_saQ,W0M8csYKD2ryUsr6OsACyA
r9YT-wfk8DlMyq_q4a_saQ,WsPgO3ycZjRp7wFh18JdMQ
r9YT-wfk8DlMyq_q4a_saQ,uguXfIEpI65jSCH5MgUDgA
r9YT-wfk8DlMyq_q4a_saQ,yqPLSUM5s6uLVPpEFrAgcg
r9YT-wfk8DlMyq_q4a_saQ,IsVIVpgV7VralvYD4DEQYg
J3rNWRLRuZJ_0xsJalIhlA,8_RB3fs5Ywn_ECTmg139Gg
J3rNWRLRuZJ_0xsJalIhlA,i63u3SdbrLsP4FxiSKP0Zw
J3rNWRLRuZJ_0xsJalIhlA,ytjCBxosVSqCOQ62c4KAxg
J3rNWRLRuZJ_0xsJalIhlA,WsPgO3ycZjRp7wFh18JdMQ
J3rNWRLRuZJ_0xsJalIhlA,uguXfIEpI65jSCH5MgUDgA
J3rNWRLRuZJ_0xsJalIhlA,pz97SxRe1Vk-5_K6EB9OSA
J3rNWRLRuZJ_0xsJalIhlA,kNmLc3_TqfwJQm0ixG7Cgw
J3rNWRLRuZJ_0xsJalIhlA,2QiLD5S9n6HruQoJhp5nsA
bM2OTIopnFoaQGLxK2PxPg,i63u3SdbrLsP4FxiSKP0Zw
bM2OTIopnFoaQGLxK2PxPg,uguXfIEpI65jSCH5MgUDgA
bM2OTIopnFoaQGLxK2PxPg,AglQinQcLwwKalAQJdV1_w
bM2OTIopnFoaQGLxK2PxPg,lxZSVeJz6KEBW1nlA3JKJg
bM2OTIopnFoaQGLxK2PxPg,7uxXuCcpw9-mUS3OJVw8aQ
bM2OTIopnFoaQGLxK2PxPg,HSxydf5uBUVPQiInEpYkYQ
bM2OTIopnFoaQGLxK2PxPg,pW91HUnVz6ssLZ4dY-ztyQ
bM2OTIopnFoaQGLxK2PxPg,w6Vv-kldGpmvSGqXvTbAdQ
GJrGPKF2xxB06Es6aH1VWg,pz97SxRe1Vk-5_K6EB9OSA
GJrGPKF2xxB06Es6aH1VWg,B9pKfr27czBbCoAIircZdQ
GJrGPKF2xxB06Es6aH1VWg,Rir-YRPPClKXDFQbc3BsVw
GJrGPKF2xxB06Es6aH1VWg,zTWH9b_ItSdLOK9ypeFOIw
GJrGPKF2xxB06Es6aH1VWg,wvxdLnO12hIh38YbArFp5Q
GJrGPKF2xxB06Es6aH1VWg,7uxXuCcpw9-mUS3OJVw8aQ
GJrGPKF2xxB06Es6aH1VWg,jIJXDhJ08iCh5KxZjIuRPQ
GJrGPKF2xxB06Es6aH1VWg,rrMFTYBQq3p6x-mXRkDhdw
neOOSMNWcVL0o2Xwb0goVg,i63u3SdbrLsP4FxiSKP0Zw
neOOSMNWcVL0o2Xwb0goVg,WsPgO3ycZjRp7wFh18JdMQ
neOOSMNWcVL0o2Xwb0goVg,uguXfIEpI65jSCH5MgUDgA
neOOSMNWcVL0o2Xwb0goVg,pz97SxRe1Vk-5_K6EB9OSA
neOOSMNWcVL0o2Xwb0goVg,AglQinQcLwwKalAQJdV1_w
neOOSMNWcVL0o2Xwb0goVg,Rir-YRPPClKXDFQbc3BsVw
neOOSMNWcVL0o2Xwb0goVg,zTWH9b_ItSdLOK9ypeFOIw
neOOSMNWcVL0o2Xwb0goVg,7FuLnS_-b79GG-33mwLaMg
neOOSMNWcVL0o2Xwb0goVg,p64irD26M0-tgKj0z1jgKw
kGgAARL2UmvCcTRfiscjug,i63u3SdbrLsP4FxiSKP0Zw
kGgAARL2UmvCcTRfiscjug,EoTooNBcxu0Hy0-XeZI8aw
kGgAARL2UmvCcTRfiscjug,pz97SxRe1Vk-5_K6EB9OSA
kGgAARL2UmvCcTRfiscjug,DglSIRnl69GUqHvVnG3QaA
kGgAARL2UmvCcTRfiscjug,AglQinQcLwwKalAQJdV1_w
kGgAARL2UmvCcTRfiscjug,Rir-YRPPClKXDFQbc3BsVw
kGgAARL2UmvCcTRfiscjug,C2hVx7POcUGLQZV3hW6_sw
kGgAARL2UmvCcTRfiscjug,nqwJ_etT_H5yC7tssYHwjw
kGgAARL2UmvCcTRfiscjug,ln1X1Z4c8tw4KHvT8ZZibg
QQacOXfgNDSwTvJyzB1iLA,7uxXuCcpw9-mUS3OJVw8aQ
QQacOXfgNDSwTvJyzB1iLA,w6Vv-kldGpmvSGqXvTbAdQ
QQacOXfgNDSwTvJyzB1iLA,_i7MieuO7KQXJ6ZLO4ZTqg
QQacOXfgNDSwTvJyzB1iLA,cj33h4koJXHgTmKDMjJ4Ew
QQacOXfgNDSwTvJyzB1iLA,t-CIsDr8WTHAYDJtYtbY1g
QQacOXfgNDSwTvJyzB1iLA,fpfXXoQ74DHFvS_pZMRhvA
QQacOXfgNDSwTvJyzB1iLA,OCpgp9mif9dYaCU_rtm8gg
WmAyExqSWoiYZ5XEqpk_Uw,pz97SxRe1Vk-5_K6EB9OSA
WmAyExqSWoiYZ5XEqpk_Uw,Zuqri2nyntU1bzfDaFU_fw
WmAyExqSWoiYZ5XEqpk_Uw,lxZSVeJz6KEBW1nlA3JKJg
WmAyExqSWoiYZ5XEqpk_Uw,zTWH9b_ItSdLOK9ypeFOIw
WmAyExqSWoiYZ5XEqpk_Uw,pW91HUnVz6ssLZ4dY-ztyQ
WmAyExqSWoiYZ5XEqpk_Uw,w6Vv-kldGpmvSGqXvTbAdQ
WmAyExqSWoiYZ5XEqpk_Uw,0FqVxW9PVqh66vMbNJ4Y1A
WmAyExqSWoiYZ5XEqpk_Uw,P-lfV8cdAgEOZJkw2dJpsw
WmAyExqSWoiYZ5XEqpk_Uw,Qkyqu27pUqS9uJKqfqgD_Q
WmAyExqSWoiYZ5XEqpk_Uw,yf12P_T0AKLNzFt12zj16g
WmAyExqSWoiYZ5XEqpk_Uw,ICD05kyCtPO7mfAIUea7Sw
WmAyExqSWoiYZ5XEqpk_Uw,bhWJg2PD_xWoBnqvbX45QA
WmAyExqSWoiYZ5XEqpk_Uw,-2RVxn8RRN3j9bOiqGkjug
WmAyExqSWoiYZ5XEqpk_Uw,Algcnya2NLgj-NL3l5e_ew
SfiNyNLmW7alXejl-m_iYw,i63u3SdbrLsP4FxiSKP0Zw
SfiNyNLmW7alXejl-m_iYw,ytjCBxosVSqCOQ62c4KAxg
SfiNyNLmW7alXejl-m_iYw,WsPgO3ycZjRp7wFh18JdMQ
SfiNyNLmW7alXejl-m_iYw,pz97SxRe1Vk-5_K6EB9OSA
SfiNyNLmW7alXejl-m_iYw,IsVIVpgV7VralvYD4DEQYg
SfiNyNLmW7alXejl-m_iYw,AglQinQcLwwKalAQJdV1_w
SfiNyNLmW7alXejl-m_iYw,B9pKfr27czBbCoAIircZdQ
SfiNyNLmW7alXejl-m_iYw,Rir-YRPPClKXDFQbc3BsVw
-ANkfLbDf8aiBQ7vywIL6w,ZWOj6LmzwGvMDh-A85EOtA
-ANkfLbDf8aiBQ7vywIL6w,i63u3SdbrLsP4FxiSKP0Zw
-ANkfLbDf8aiBQ7vywIL6w,WsPgO3ycZjRp7wFh18JdMQ
-ANkfLbDf8aiBQ7vywIL6w,Jb5uR0br80znL6ElNGVvKg
-ANkfLbDf8aiBQ7vywIL6w,pz97SxRe1Vk-5_K6EB9OSA
-ANkfLbDf8aiBQ7vywIL6w,S742m-AuQicMSLDdErrLZQ
-ANkfLbDf8aiBQ7vywIL6w,IsVIVpgV7VralvYD4DEQYg
-ANkfLbDf8aiBQ7vywIL6w,o9t7nO4hUiP88FQ_WEvdOw
-ANkfLbDf8aiBQ7vywIL6w,Rir-YRPPClKXDFQbc3BsVw
nKoB5cWZHXYUIUcQsUDogA,ZWOj6LmzwGvMDh-A85EOtA
nKoB5cWZHXYUIUcQsUDogA,WsPgO3ycZjRp7wFh18JdMQ
nKoB5cWZHXYUIUcQsUDogA,Bn4sJUTtKFZQt0FKHF2Adw
nKoB5cWZHXYUIUcQsUDogA,uguXfIEpI65jSCH5MgUDgA
nKoB5cWZHXYUIUcQsUDogA,pz97SxRe1Vk-5_K6EB9OSA
nKoB5cWZHXYUIUcQsUDogA,xaPwzbtkselbxI472WIjsA
nKoB5cWZHXYUIUcQsUDogA,IsVIVpgV7VralvYD4DEQYg
nKoB5cWZHXYUIUcQsUDogA,AglQinQcLwwKalAQJdV1_w
nKoB5cWZHXYUIUcQsUDogA,B9pKfr27czBbCoAIircZdQ
nKoB5cWZHXYUIUcQsUDogA,Rir-YRPPClKXDFQbc3BsVw
nKoB5cWZHXYUIUcQsUDogA,W0kedn_tFfP2b1YwUF8HEA
nKoB5cWZHXYUIUcQsUDogA,lxZSVeJz6KEBW1nlA3JKJg
8E0DGec8LNn6oDmPHmj-mg,4U9kSBLuBDU391x6bxU-YA
8E0DGec8LNn6oDmPHmj-mg,anTtulQ9G2b3SipCEwGVHg
8E0DGec8LNn6oDmPHmj-mg,XejvgD4CrkR7FeIkjwAjtQ
8E0DGec8LNn6oDmPHmj-mg,i63u3SdbrLsP4FxiSKP0Zw
8E0DGec8LNn6oDmPHmj-mg,ytjCBxosVSqCOQ62c4KAxg
8E0DGec8LNn6oDmPHmj-mg,niWoSKswEbooJC_M7HMbGw
8E0DGec8LNn6oDmPHmj-mg,WsPgO3ycZjRp7wFh18JdMQ
zZlHqWiCrCj0WKSNI1Nxlw,i63u3SdbrLsP4FxiSKP0Zw
zZlHqWiCrCj0WKSNI1Nxlw,2QiLD5S9n6HruQoJhp5nsA
zZlHqWiCrCj0WKSNI1Nxlw,lxZSVeJz6KEBW1nlA3JKJg
zZlHqWiCrCj0WKSNI1Nxlw,7uxXuCcpw9-mUS3OJVw8aQ
zZlHqWiCrCj0WKSNI1Nxlw,pW91HUnVz6ssLZ4dY-ztyQ
zZlHqWiCrCj0WKSNI1Nxlw,ARe8Nr_YehB2ubsGJhZ-hg
zZlHqWiCrCj0WKSNI1Nxlw,TjPt2hD56jfpmtoa6kVVRg
zZlHqWiCrCj0WKSNI1Nxlw,RRs36fV1eWCkA3kJLDab_A
fczQCSmaWF78toLEmb0Zsw,rpOyqD_893cqmDAtJLbdog
fczQCSmaWF78toLEmb0Zsw,4U9kSBLuBDU391x6bxU-YA
fczQCSmaWF78toLEmb0Zsw,XejvgD4CrkR7FeIkjwAjtQ
fczQCSmaWF78toLEmb0Zsw,i63u3SdbrLsP4FxiSKP0Zw
fczQCSmaWF78toLEmb0Zsw,ytjCBxosVSqCOQ62c4KAxg
fczQCSmaWF78toLEmb0Zsw,EoTooNBcxu0Hy0-XeZI8aw
fczQCSmaWF78toLEmb0Zsw,WsPgO3ycZjRp7wFh18JdMQ
fczQCSmaWF78toLEmb0Zsw,uguXfIEpI65jSCH5MgUDgA
fczQCSmaWF78toLEmb0Zsw,06O-7pDEoDuKhD-PKQHBqQ
Lw99LHT54yb7ED0qlgujeg,pz97SxRe1Vk-5_K6EB9OSA
Lw99LHT54yb7ED0qlgujeg,2QiLD5S9n6HruQoJhp5nsA
Lw99LHT54yb7ED0qlgujeg,Rir-YRPPClKXDFQbc3BsVw
Lw99LHT54yb7ED0qlgujeg,pW91HUnVz6ssLZ4dY-ztyQ
Lw99LHT54yb7ED0qlgujeg,w6Vv-kldGpmvSGqXvTbAdQ
Lw99LHT54yb7ED0qlgujeg,6Wuwx_PAlXmcCJA0tinQ0A
Lw99LHT54yb7ED0qlgujeg,EzwFqwq-iQzF8PA3zajhVw
Lw99LHT54yb7ED0qlgujeg,ARe8Nr_YehB2ubsGJhZ-hg
oYTZ2PbYYd2MDbVYUoQpCw,Rir-YRPPClKXDFQbc3BsVw
oYTZ2PbYYd2MDbVYUoQpCw,L3YVTmTV96Who9VY3w7Zzw
oYTZ2PbYYd2MDbVYUoQpCw,4hxVql33ldY_gkf3rG8_3w
oYTZ2PbYYd2MDbVYUoQpCw,uzqM9qDSbuZUUQMUUR8OCQ
oYTZ2PbYYd2MDbVYUoQpCw,6Wuwx_PAlXmcCJA0tinQ0A
oYTZ2PbYYd2MDbVYUoQpCw,yr2MEzXpQ-5xgEq2PnpXZg
oYTZ2PbYYd2MDbVYUoQpCw,X0AqSAXMZ62mu7hV0tVa0A
oYTZ2PbYYd2MDbVYUoQpCw,ErSb86Rzw_lZw4Vfr_iWnQ
spJUPXI7QaIctU0FO5c42w,i63u3SdbrLsP4FxiSKP0Zw
spJUPXI7QaIctU0FO5c42w,uguXfIEpI65jSCH5MgUDgA
spJUPXI7QaIctU0FO5c42w,Fm3QEnBa4vu6lxn7RFF2Ig
spJUPXI7QaIctU0FO5c42w,2QiLD5S9n6HruQoJhp5nsA
spJUPXI7QaIctU0FO5c42w,Rir-YRPPClKXDFQbc3BsVw
spJUPXI7QaIctU0FO5c42w,D5OsccvdRypNOSwU9e2ydQ
spJUPXI7QaIctU0FO5c42w,lxZSVeJz6KEBW1nlA3JKJg
spJUPXI7QaIctU0FO5c42w,pePGMO6EbDpbaZ7D2m6HIg
spJUPXI7QaIctU0FO5c42w,8DqIWXsKXOipfduYEfFpNw
spJUPXI7QaIctU0FO5c42w,HSxydf5uBUVPQiInEpYkYQ
saiZmxzBIowJbMgPBW1Now,XejvgD4CrkR7FeIkjwAjtQ
saiZmxzBIowJbMgPBW1Now,i63u3SdbrLsP4FxiSKP0Zw
saiZmxzBIowJbMgPBW1Now,9A8OuP6XwLwnNb9ov3_Ncw
saiZmxzBIowJbMgPBW1Now,pz97SxRe1Vk-5_K6EB9OSA
saiZmxzBIowJbMgPBW1Now,S742m-AuQicMSLDdErrLZQ
saiZmxzBIowJbMgPBW1Now,IsVIVpgV7VralvYD4DEQYg
saiZmxzBIowJbMgPBW1Now,AglQinQcLwwKalAQJdV1_w
saiZmxzBIowJbMgPBW1Now,B9pKfr27czBbCoAIircZdQ
nWNNojXYkXRl_0_pNbtfbQ,pz97SxRe1Vk-5_K6EB9OSA
nWNNojXYkXRl_0_pNbtfbQ,B9pKfr27czBbCoAIircZdQ
nWNNojXYkXRl_0_pNbtfbQ,Rir-YRPPClKXDFQbc3BsVw
nWNNojXYkXRl_0_pNbtfbQ,lxZSVeJz6KEBW1nlA3JKJg
nWNNojXYkXRl_0_pNbtfbQ,pW91HUnVz6ssLZ4dY-ztyQ
nWNNojXYkXRl_0_pNbtfbQ,sCOeWIzAMkGVUvn4ayLeFw
nWNNojXYkXRl_0_pNbtfbQ,ARe8Nr_YehB2ubsGJhZ-hg
0IAOkW3KD1Dsx2hnwb0CSA,4U9kSBLuBDU391x6bxU-YA
0IAOkW3KD1Dsx2hnwb0CSA,ZWOj6LmzwGvMDh-A85EOtA
0IAOkW3KD1Dsx2hnwb0CSA,XejvgD4CrkR7FeIkjwAjtQ
0IAOkW3KD1Dsx2hnwb0CSA,i63u3SdbrLsP4FxiSKP0Zw
0IAOkW3KD1Dsx2hnwb0CSA,WsPgO3ycZjRp7wFh18JdMQ
0IAOkW3KD1Dsx2hnwb0CSA,Bn4sJUTtKFZQt0FKHF2Adw
0IAOkW3KD1Dsx2hnwb0CSA,nqDqf9icSGoOrr0a8aP1Eg
0IAOkW3KD1Dsx2hnwb0CSA,uguXfIEpI65jSCH5MgUDgA
0IAOkW3KD1Dsx2hnwb0CSA,zCnI_xiNYnY6ebGwkj5yvg
yPWj9W9lYnSXazgafWejyQ,xaPwzbtkselbxI472WIjsA
yPWj9W9lYnSXazgafWejyQ,Rir-YRPPClKXDFQbc3BsVw
yPWj9W9lYnSXazgafWejyQ,7FuLnS_-b79GG-33mwLaMg
yPWj9W9lYnSXazgafWejyQ,pW91HUnVz6ssLZ4dY-ztyQ
yPWj9W9lYnSXazgafWejyQ,5663s_8d6zqCXh4CS8a0LA
yPWj9W9lYnSXazgafWejyQ,uzqM9qDSbuZUUQMUUR8OCQ
yPWj9W9lYnSXazgafWejyQ,6Wuwx_PAlXmcCJA0tinQ0A
yPWj9W9lYnSXazgafWejyQ,sto2Yme-UpbNXb5vxPj9Nw
4ozupHULqGyO42s3zNUzOQ,uguXfIEpI65jSCH5MgUDgA
4ozupHULqGyO42s3zNUzOQ,DglSIRnl69GUqHvVnG3QaA
4ozupHULqGyO42s3zNUzOQ,gr4mNTWD5w2rZ9lVuJs2Tw
4ozupHULqGyO42s3zNUzOQ,pW91HUnVz6ssLZ4dY-ztyQ
4ozupHULqGyO42s3zNUzOQ,4hxVql33ldY_gkf3rG8_3w
4ozupHULqGyO42s3zNUzOQ,w6Vv-kldGpmvSGqXvTbAdQ
4ozupHULqGyO42s3zNUzOQ,ZZ5hV2jcxchiZo6C9AXq_Q
4ozupHULqGyO42s3zNUzOQ,LroJKi7_BWqDT7lbHvt6kg
7zpDhrRZRTGCkAh3SHbEww,rpOyqD_893cqmDAtJLbdog
7zpDhrRZRTGCkAh3SHbEww,4U9kSBLuBDU391x6bxU-YA
7zpDhrRZRTGCkAh3SHbEww,Re447krbp0VQVX3Dk4Tsog
7zpDhrRZRTGCkAh3SHbEww,i63u3SdbrLsP4FxiSKP0Zw
7zpDhrRZRTGCkAh3SHbEww,-_1ctLaz3jhPYc12hKXsEQ
7zpDhrRZRTGCkAh3SHbEww,WsPgO3ycZjRp7wFh18JdMQ
7zpDhrRZRTGCkAh3SHbEww,uguXfIEpI65jSCH5MgUDgA
7zpDhrRZRTGCkAh3SHbEww,Rir-YRPPClKXDFQbc3BsVw
8j5rre5uA2TxjX8Fk9Je3Q,fz87VXeaKu7x5P3tdQ_4Bw
8j5rre5uA2TxjX8Fk9Je3Q,EzwFqwq-iQzF8PA3zajhVw
8j5rre5uA2TxjX8Fk9Je3Q,uZbTb-u-GVjTa2gtQfry5g
8j5rre5uA2TxjX8Fk9Je3Q,RRs36fV1eWCkA3kJLDab_A
8j5rre5uA2TxjX8Fk9Je3Q,wOSwzy3p0cuwbv5xjZW1bA
8j5rre5uA2TxjX8Fk9Je3Q,sBVXcw3AltfpXk9ImwPyaA
8j5rre5uA2TxjX8Fk9Je3Q,77s2qg6JOqXy69stUku6ew
8j5rre5uA2TxjX8Fk9Je3Q,1PfVyfx8dKmVdz_-iqkPtA
CInFos81Gf4dkBJQL-1jGg,yqPLSUM5s6uLVPpEFrAgcg
CInFos81Gf4dkBJQL-1jGg,Rir-YRPPClKXDFQbc3BsVw
CInFos81Gf4dkBJQL-1jGg,zTWH9b_ItSdLOK9ypeFOIw
CInFos81Gf4dkBJQL-1jGg,wvxdLnO12hIh38YbArFp5Q
CInFos81Gf4dkBJQL-1jGg,7uxXuCcpw9-mUS3OJVw8aQ
CInFos81Gf4dkBJQL-1jGg,fGEfcxK3P2mORZzggUGoOw
CInFos81Gf4dkBJQL-1jGg,XL9D0wXPLcmNox-d9XDfTg
